{
    "status": "1",
    "page_name": "http://connect.lankung.com/affizia",
    "page_title": "AFFIZIA",
    "creator": "admin",
    "posts": [
		{
                    "id": "416",
                    "post_id": "416",
                    "user_id": "thiepgmail",
                    "postText": "test tag live share affizia ",
                    "postFile": "",
                    "postLink": "",
                    "postLinkTitle": "",
                    "postLinkContent": "",
                    "postLinkImage": "",
                    "time": "1 month ago",
                    "totalLike": "1",
                    "user_name": "thiepgmail",
                    "user_page": "",
                    "comment": []
		},
		{
                    "id": "415",
                    "post_id": "415",
                    "user_id": "thiepgmail",
                    "postText": "This is live-life on AFFIZIA",
                    "postFile": "",
                    "postLink": "",
                    "postLinkTitle": "",
                    "postLinkContent": "",
                    "postLinkImage": "",
                    "time": "1 month ago",
                    "totalLike": "0",
                    "user_name": "thiepgmail",
                    "user_page": "",
                    "comment": []
		},
		{
                    "id": "405",
                    "post_id": "405",
                    "user_id": "admin",
                    "postText": "Daddy &amp; son - Live Life, Share, &quot;Connecting The World!&quot; - AFFIZA!",
                    "postFile": "http://connect.lankung.com/upload/photos/2021/05/9W6dEMbCuTf5IhmfGMA9_12_615c0f6ff7bd42d971e8bdfa139a6daa_image.png",
                    "postLink": "",
                    "postLinkTitle": "",
                    "postLinkContent": "",
                    "postLinkImage": "",
                    "time": "1 month ago",
                    "totalLike": "1",
                    "user_name": "admin",
                    "user_page": "",
                    "comment": []
		},
		{
                    "id": "404",
                    "post_id": "404",
                    "user_id": "admin",
                    "postText": "Live Life, Share, &quot;Connecting The World!&quot; - AFFIZA!",
                    "postFile": "http://connect.lankung.com/upload/photos/2021/05/52KNGuAMacTXzor8SLPL_12_0209d344d6f536ea45151523d65866d8_image.png",
                    "postLink": "",
                    "postLinkTitle": "",
                    "postLinkContent": "",
                    "postLinkImage": "",
                    "time": "1 month ago",
                    "totalLike": "0",
                    "user_name": "admin",
                    "user_page": "",
                    "comment": []
		},
		{
                    "id": "403",
                    "post_id": "403",
                    "user_id": "admin",
                    "postText": "Live Life, Share, &quot;Connecting The World!&quot; - AFFIZA!",
                    "postFile": "http://connect.lankung.com/upload/photos/2021/05/DyL1pyEJ4mWy6uZAuMuk_12_94a3fdf09d139c6ce4ad7bcaccc477dd_image.png",
                    "postLink": "",
                    "postLinkTitle": "",
                    "postLinkContent": "",
                    "postLinkImage": "",
                    "time": "1 month ago",
                    "totalLike": "0",
                    "user_name": "admin",
                    "user_page": "",
                    "comment": []
		},
		{
                    "id": "402",
                    "post_id": "402",
                    "user_id": "admin",
                    "postText": "Live Life, Share, &quot;Connecting The World!&quot; - AFFIZA!",
                    "postFile": "http://connect.lankung.com/upload/photos/2021/05/5ZX2lxaA7C5kNtKRvtcd_12_fb7608499a60074467f132e17cda0537_image.png",
                    "postLink": "",
                    "postLinkTitle": "",
                    "postLinkContent": "",
                    "postLinkImage": "",
                    "time": "1 month ago",
                    "totalLike": "0",
                    "user_name": "admin",
                    "user_page": "",
                    "comment": []
		},
		{
                    "id": "401",
                    "post_id": "401",
                    "user_id": "admin",
                    "postText": "Live Life, Share, &quot;Connecting The World!&quot; - AFFIZA!",
                    "postFile": "http://connect.lankung.com/upload/photos/2021/05/vqqMsUb9WZoXZxstLSZB_12_95c831eca00416bad1f2985eec4e2d93_image.png",
                    "postLink": "",
                    "postLinkTitle": "",
                    "postLinkContent": "",
                    "postLinkImage": "",
                    "time": "1 month ago",
                    "totalLike": "0",
                    "user_name": "admin",
                    "user_page": "",
                    "comment": []
		},
		{
                    "id": "400",
                    "post_id": "400",
                    "user_id": "admin",
                    "postText": "Live Life, Share, &quot;Connecting The World!&quot; - AFFIZA!",
                    "postFile": "http://connect.lankung.com/upload/photos/2021/05/t92b2jwgNniZ7iEILoox_12_d2105d2143eebe0e6295d74a5ad6af00_image.png",
                    "postLink": "",
                    "postLinkTitle": "",
                    "postLinkContent": "",
                    "postLinkImage": "",
                    "time": "1 month ago",
                    "totalLike": "0",
                    "user_name": "admin",
                    "user_page": "",
                    "comment": []
		},
		{
                    "id": "399",
                    "post_id": "399",
                    "user_id": "admin",
                    "postText": "Live Life, Share, &quot;Connecting The World!&quot; - AFFIZA!",
                    "postFile": "http://connect.lankung.com/upload/photos/2021/05/2MZ3cN9Pyam72cWfB1gS_12_c8972dd062fc5342f2938a116559086b_image.png",
                    "postLink": "",
                    "postLinkTitle": "",
                    "postLinkContent": "",
                    "postLinkImage": "",
                    "time": "1 month ago",
                    "totalLike": "0",
                    "user_name": "admin",
                    "user_page": "",
                    "comment": []
		},
		{
                    "id": "398",
                    "post_id": "398",
                    "user_id": "admin",
                    "postText": "Live Life, Share, &quot;Connecting The World!&quot; - AFFIZA!",
                    "postFile": "http://connect.lankung.com/upload/photos/2021/05/QsMiQ3YAFJUuJOinxy9V_12_54746e399629532ca29b8aa0afbed6fd_image.png",
                    "postLink": "",
                    "postLinkTitle": "",
                    "postLinkContent": "",
                    "postLinkImage": "",
                    "time": "1 month ago",
                    "totalLike": "0",
                    "user_name": "admin",
                    "user_page": "",
                    "comment": []
		}]
}
